md,rn,way,eq,
Glycolysis,R00299,Forward,ATP + D-Glucose <=> ADP + D-Glucose 6-phosphate,
Glycolysis,R00771,Bidirectional,D-Glucose 6-phosphate <=> D-Fructose 6-phosphate,
Glycolysis,R00756,Forward,"ATP + D-Fructose 6-phosphate <=> ADP + D-Fructose 1,6-bisphosphate",
Glycolysis,R01068,Bidirectional,"D-Fructose 1,6-bisphosphate <=> Glycerone phosphate + D-Glyceraldehyde 3-phosphate",
Glycolysis,R01015,Bidirectional,D-Glyceraldehyde 3-phosphate <=> Glycerone phosphate,
Glycolysis,R01061,Bidirectional,D-Glyceraldehyde 3-phosphate + Orthophosphate + NAD+ <=> 3-Phospho-D-glyceroyl phosphate + NADH + H+,
Glycolysis,R01063,Bidirectional,D-Glyceraldehyde 3-phosphate + Orthophosphate + NADP+ <=> 3-Phospho-D-glyceroyl phosphate + NADPH + H+,
Glycolysis,R01512,Bidirectional,ATP + 3-Phospho-D-glycerate <=> ADP + 3-Phospho-D-glyceroyl phosphate,
Glycolysis,R01518,Bidirectional,2-Phospho-D-glycerate <=> 3-Phospho-D-glycerate,
Glycolysis,R00658,Bidirectional,2-Phospho-D-glycerate <=> Phosphoenolpyruvate + H2O,
Glycolysis,R00200,Reverse,ATP + Pyruvate <=> ADP + Phosphoenolpyruvate,
Glycolysis,R02187,Forward,Polyphosphate + beta-D-Glucose <=> Polyphosphate + beta-D-Glucose 6-phosphate,
Glycolysis,R02184,Bidirectional,ATP + Polyphosphate <=> ADP + Polyphosphate,
Glycolysis,R02628,Forward,Phosphoenolpyruvate + Protein histidine <=> Pyruvate + Protein N(pi)-phospho-L-histidine,
Glycolysis,R02738,Forward,Protein N(pi)-phospho-L-histidine + D-Glucose <=> Protein histidine + alpha-D-Glucose 6-phosphate,
Glycolysis,R00764,Forward,"Diphosphate + D-Fructose 6-phosphate <=> Orthophosphate + D-Fructose 1,6-bisphosphate",
Glycolysis,R07159,Bidirectional,D-Glyceraldehyde 3-phosphate + H2O + 2 Oxidized ferredoxin <=> 3-Phospho-D-glycerate + 2 H+ + 2 Reduced ferredoxin,
Glycolysis,R00206,Reverse,ATP + Pyruvate + Orthophosphate <=> AMP + Phosphoenolpyruvate + Diphosphate,
Glycolysis,R05804,Forward,ADP + D-Glucose <=> AMP + D-Glucose 6-phosphate,
Pentose phosphate,R00835,Forward,"D-Glucose 6-phosphate + NADP+ <=> D-Glucono-1,5-lactone 6-phosphate + NADPH + H+",
Pentose phosphate,R10907,Forward,"beta-D-Glucose 6-phosphate + NAD+ <=> D-Glucono-1,5-lactone 6-phosphate + NADH + H+",
Pentose phosphate,R02035,Bidirectional,"D-Glucono-1,5-lactone 6-phosphate + H2O <=> 6-Phospho-D-gluconate",
Pentose phosphate,R01528,Bidirectional,6-Phospho-D-gluconate + NADP+ <=> D-Ribulose 5-phosphate + CO2 + NADPH + H+,
Pentose phosphate,R01529,Bidirectional,D-Ribulose 5-phosphate <=> D-Xylulose 5-phosphate,
Pentose phosphate,R01056,Bidirectional,D-Ribose 5-phosphate <=> D-Ribulose 5-phosphate,
Pentose phosphate,R01641,Bidirectional,Sedoheptulose 7-phosphate + D-Glyceraldehyde 3-phosphate <=> D-Ribose 5-phosphate + D-Xylulose 5-phosphate,
Pentose phosphate,R01827,Bidirectional,Sedoheptulose 7-phosphate + D-Glyceraldehyde 3-phosphate <=> D-Erythrose 4-phosphate + beta-D-Fructose 6-phosphate,
Pentose phosphate,R01067,Bidirectional,D-Fructose 6-phosphate + D-Glyceraldehyde 3-phosphate <=> D-Erythrose 4-phosphate + D-Xylulose 5-phosphate,
Pentose phosphate,R00761,Forward,D-Fructose 6-phosphate + Orthophosphate <=> Acetyl phosphate + D-Erythrose 4-phosphate + H2O,
Pentose phosphate,R01621,Forward,D-Xylulose 5-phosphate + Orthophosphate <=> Acetyl phosphate + D-Glyceraldehyde 3-phosphate + H2O,
Pentose phosphate,R01521,Forward,"beta-D-Glucose + NADP+ <=> D-Glucono-1,5-lactone + NADPH + H+",
Pentose phosphate,R07147,Forward,"D-Glucose + NADP+ <=> D-Glucono-1,5-lactone + NADPH + H+",
Pentose phosphate,R01520,Forward,"beta-D-Glucose + NAD+ <=> D-Glucono-1,5-lactone + NADH + H+",
Pentose phosphate,R01519,Bidirectional,"D-Glucono-1,5-lactone + H2O <=> D-Gluconic acid",
Pentose phosphate,R01538,Bidirectional,D-Gluconic acid <=> 2-Dehydro-3-deoxy-D-gluconate + H2O,
Pentose phosphate,R01541,Bidirectional,ATP + 2-Dehydro-3-deoxy-D-gluconate <=> ADP + 2-Dehydro-3-deoxy-6-phospho-D-gluconate,
Pentose phosphate,R05605,Bidirectional,2-Dehydro-3-deoxy-6-phospho-D-gluconate <=> D-Glyceraldehyde 3-phosphate + Pyruvate,
Pentose phosphate,R01739,Bidirectional,D-Gluconic acid + NADP+ <=> 2-Keto-D-gluconic acid + NADPH + H+,
Pentose phosphate,R02658,Bidirectional,ATP + 2-Keto-D-gluconic acid <=> ADP + 6-Phospho-2-dehydro-D-gluconate,
Pentose phosphate,R02032,Bidirectional,6-Phospho-D-gluconate + NAD+ <=> 6-Phospho-2-dehydro-D-gluconate + NADH + H+,
Pentose phosphate,R02036,Bidirectional,6-Phospho-D-gluconate <=> 2-Dehydro-3-deoxy-6-phospho-D-gluconate + H2O,
Pentose phosphate,R1.1.1.1.359.B,Forward,"D-Glucose + NAD+ <=> D-Glucono-1,5-lactone + NADH + H+",
Pentose phosphate,R08570,Bidirectional,2-Dehydro-3-deoxy-D-gluconate <=> D-Glyceraldehyde + Pyruvate,
Pentose phosphate,R08571,Bidirectional,D-Glyceraldehyde + H2O + Oxidized ferredoxin <=> D-Glycerate + H+ + Reduced ferredoxin,
Pentose phosphate,R08572,Bidirectional,D-Glycerate + ATP <=> 2-Phospho-D-glycerate + ADP,
Methylglyoxal shunt,R01016,Forward,Glycerone phosphate <=> Methylglyoxal + Orthophosphate,
Methylglyoxal shunt,R02530,Bidirectional,(R)-S-Lactoylglutathione <=> Glutathione + Methylglyoxal,
Methylglyoxal shunt,R01736,Bidirectional,(R)-S-Lactoylglutathione + H2O <=> Glutathione + (R)-Lactate,
Methylglyoxal shunt,R02527,Bidirectional,(R)-Lactaldehyde + NAD+ <=> Methylglyoxal + NADH + H+,
Methylglyoxal shunt,R10715,Bidirectional,(S)-Lactaldehyde + NAD+ <=> Methylglyoxal + NADH + H+,
Methylglyoxal shunt,R00203,Bidirectional,Methylglyoxal + NAD+ + H2O <=> Pyruvate + NADH + H+,
Malate shunt,R00214,Bidirectional,(S)-Malate + NAD+ <=> Pyruvate + CO2 + NADH + H+,
Malate shunt,R00342,Bidirectional,(S)-Malate + NAD+ <=> Oxaloacetate + NADH + H+,
Malate shunt,R12212,Bidirectional,Oxaloacetate + 2 Sodium cation <=> Pyruvate + CO2 + 2 Sodium cation,
Malate shunt,R00217,Bidirectional,Oxaloacetate <=> Pyruvate + CO2,
Malate shunt,R00216,Bidirectional,(S)-Malate + NADP+ <=> Pyruvate + CO2 + NADPH + H+,
Malate shunt,R00341,Bidirectional,ATP + Oxaloacetate <=> ADP + Phosphoenolpyruvate + CO2,
Malate shunt,R00431,Bidirectional,GTP + Oxaloacetate <=> GDP + Phosphoenolpyruvate + CO2,
Malate shunt,R00726,Bidirectional,ITP + Oxaloacetate <=> IDP + Phosphoenolpyruvate + CO2,
Malate shunt,R00344,Bidirectional,ATP + Pyruvate + HCO3- <=> ADP + Orthophosphate + Oxaloacetate,
Malate shunt,R00345,Bidirectional,Orthophosphate + Oxaloacetate <=> H2O + Phosphoenolpyruvate + CO2,
Malate shunt,R00343,Bidirectional,(S)-Malate + NADP+ <=> Oxaloacetate + NADPH + H+,
Malate shunt,R00346,Bidirectional,Diphosphate + Oxaloacetate <=> Orthophosphate + Phosphoenolpyruvate + CO2,
Pyruvate decarboxylation,R01699,Forward,Pyruvate + Enzyme N6-(lipoyl)lysine <=> [Dihydrolipoyllysine-residue acetyltransferase] S-acetyldihydrolipoyllysine + CO2,
Pyruvate decarboxylation,R00014,Forward,Pyruvate + Thiamin diphosphate <=> 2-(alpha-Hydroxyethyl)thiamine diphosphate + CO2,
Pyruvate decarboxylation,R03270,Forward,2-(alpha-Hydroxyethyl)thiamine diphosphate + Enzyme N6-(lipoyl)lysine <=> [Dihydrolipoyllysine-residue acetyltransferase] S-acetyldihydrolipoyllysine + Thiamin diphosphate,
Pyruvate decarboxylation,R02569,Reverse,Acetyl-CoA + Enzyme N6-(dihydrolipoyl)lysine <=> CoA + [Dihydrolipoyllysine-residue acetyltransferase] S-acetyldihydrolipoyllysine,
Pyruvate decarboxylation,R07618,Bidirectional,Enzyme N6-(dihydrolipoyl)lysine + NAD+ <=> Enzyme N6-(lipoyl)lysine + NADH + H+,
Pyruvate decarboxylation,R00212,Reverse,Acetyl-CoA + Formate <=> CoA + Pyruvate,
Pyruvate decarboxylation,R01196,Reverse,2 Reduced ferredoxin + Acetyl-CoA + CO2 + 2 H+ <=> 2 Oxidized ferredoxin + Pyruvate + CoA,
TCA cycle,R00351,Bidirectional,Citrate + CoA <=> Acetyl-CoA + H2O + Oxaloacetate,
TCA cycle,R01325,Bidirectional,Citrate <=> cis-Aconitate + H2O,
TCA cycle,R01900,Bidirectional,Isocitrate <=> cis-Aconitate + H2O,
TCA cycle,R00709,Bidirectional,Isocitrate + NAD+ <=> 2-Oxoglutarate + CO2 + NADH + H+,
TCA cycle,R00621,Bidirectional,2-Oxoglutarate + Thiamin diphosphate <=> 3-Carboxy-1-hydroxypropyl-ThPP + CO2,
TCA cycle,R03316,Bidirectional,3-Carboxy-1-hydroxypropyl-ThPP + Enzyme N6-(lipoyl)lysine <=> [Dihydrolipoyllysine-residue succinyltransferase] S-succinyldihydrolipoyllysine + Thiamin diphosphate,
TCA cycle,R02570,Bidirectional,Succinyl-CoA + Enzyme N6-(dihydrolipoyl)lysine <=> CoA + [Dihydrolipoyllysine-residue succinyltransferase] S-succinyldihydrolipoyllysine,
TCA cycle,R07618,Bidirectional,Enzyme N6-(dihydrolipoyl)lysine + NAD+ <=> Enzyme N6-(lipoyl)lysine + NADH + H+,
TCA cycle,R01197,Bidirectional,2 Reduced ferredoxin + Succinyl-CoA + CO2 + 2 H+ <=> 2 Oxidized ferredoxin + 2-Oxoglutarate + CoA,
TCA cycle,R00405,Bidirectional,ATP + Succinate + CoA <=> ADP + Orthophosphate + Succinyl-CoA,
TCA cycle,R00432,Bidirectional,GTP + Succinate + CoA <=> GDP + Orthophosphate + Succinyl-CoA,
TCA cycle,R00727,Bidirectional,ITP + Succinate + CoA <=> IDP + Orthophosphate + Succinyl-CoA,
TCA cycle,R01082,Bidirectional,(S)-Malate <=> Fumarate + H2O,
TCA cycle,R00342,Bidirectional,(S)-Malate + NAD+ <=> Oxaloacetate + NADH + H+,
TCA cycle,R01899,Bidirectional,Isocitrate + NADP+ <=> Oxalosuccinate + NADPH + H+,
TCA cycle,R00268,Bidirectional,Oxalosuccinate <=> 2-Oxoglutarate + CO2,
TCA cycle,R10343,Bidirectional,Succinyl-CoA + Acetate <=> Acetyl-CoA + Succinate,
TCA cycle,R00230,Bidirectional,Acetyl-CoA + Orthophosphate <=> CoA + Acetyl phosphate,
TCA cycle,R00315,Bidirectional,ATP + Acetate <=> ADP + Acetyl phosphate,
TCA cycle,R00229,Bidirectional,ATP + Acetate + CoA <=> ADP + Acetyl-CoA + Orthophosphate,
TCA cycle,R00235,Bidirectional,ATP + Acetate + CoA <=> AMP + Diphosphate + Acetyl-CoA,
TCA cycle,R00352,Bidirectional,ATP + Citrate + CoA <=> ADP + Orthophosphate + Acetyl-CoA + Oxaloacetate,
NADH reduction by ferredoxin,R7.2.1.2,Bidirectional,2 Reduced ferredoxin + NAD+ + H+ + Na+[side 1] <=> 2 Oxidized ferredoxin + NADH + Na+[side 2],
NADH reduction by ferredoxin,R05875,Bidirectional,2 Reduced ferredoxin + NAD + H <=> 2 Oxidized ferredoxin + NADH,
NADH reduction by ferredoxin,R01195,Bidirectional,2 Reduced ferredoxin + NADP + H <=> 2 Oxidized ferredoxin + NADPH,
NADH reduction by ferredoxin,R1.6.1.4,Bidirectional,NADH + H + 2 NADP + 2 Reduced ferredoxin <=> NAD + 2 NADPH + 2 Oxidized ferredoxin,
Quinone reduction by NADH,R11945,Bidirectional,Ubiquinone + NADH + H+ + 4 H+ <=> Ubiquinol + NAD+ + 4 H+,
Quinone reduction by NADH,R7.2.1.1,Bidirectional,NADH + H+ + Ubiquinone + Na+[side 1] <=> NAD+ + Ubiquinol + Na+[side 2],
Quinone reduction by NADH,R02163,Bidirectional,Ubiquinol + NAD+ <=> Ubiquinone + NADH + H+,
Quinone reduction by NADH,R07358,Bidirectional,NADH + H+ + Quinone <=> NAD+ + Hydroquinone,
Quinone reduction by succinate,R13223,Forward,Ubiquinone + Succinate <=> Ubiquinol + Fumarate,
Quinone reduction by succinate,R02164,Forward,Quinone + Succinate <=> Hydroquinone + Fumarate,
Quinone reduction by other donors,R09494,Forward,Formate + Quinone <=> CO2 + Hydroquinone,
Quinone reduction by other donors,R1.12.99.6.A,Forward,Uniquinone + Hydrogen <=> Ubiquinol,
Quinone reduction by other donors,R1.12.99.6.B,Forward,Quinone + Hydrogen <=> Hydroquinone,
Quinone reduction by other donors,R03145,Bidirectional,Pyruvate + Ubiquinone + H2O <=> Acetate + Ubiquinol + CO2,
Quinone reduction by other donors,R00361,Bidirectional,(S)-Malate + Quinone <=> Oxaloacetate + Hydroquinone,
Cytochrome c reduction by quinone,R02161,Bidirectional,Ubiquinol + 2 Ferricytochrome c <=> Ubiquinone + 2 Ferrocytochrome c + 2 H+,
Cytochrome c reduction by quinone,R13224,Bidirectional,Hydroquinone + 2 Ferricytochrome c <=> Quinone + 2 Ferrocytochrome c + 2 H+,
Oxygen reduction by electron carriers,R00081,Forward,Oxygen + 4 Ferrocytochrome c + 8 H+ <=> 4 Ferricytochrome c + 2 H2O + 4 H+,
Oxygen reduction by electron carriers,R11325,Forward,2 Ubiquinol + Oxygen + 4 H+ <=> 2 Ubiquinone + 2 H2O + 4 H+,
Oxygen reduction by electron carriers,R7.1.1.A,Forward,2 Hydroquinone + Oxygen + 8 H+[side 1] <=> 2 Quinone + 2 H2O + 8 H+[side 2],
Oxygen reduction by electron carriers,R11335,Forward,2 Ubiquinol + Oxygen + 8 H+ <=> 2 Ubiquinone + 2 H2O + 8 H+,
Nitrate reduction by electron carriers,R03071,Forward,2 Ferrocytochrome c + Nitrate <=> 2 Ferricytochrome c + Nitrite + H2O,
Nitrate reduction by electron carriers,R09497,Forward,Nitrate + Hydroquinone <=> Nitrite + Quinone + H2O,
Nitrate reduction by electron carriers,R05712,Reverse,Ammonia + 2 H2O + 6 Ferricytochrome c <=> Nitrite + 6 Ferrocytochrome c + 6 H+,
Nitrate reduction by electron carriers,R00787,Reverse,Ammonia + 3 NAD+ + 2 H2O <=> Nitrite + 3 NADH + 3 H+,
Nitrate reduction by electron carriers,R00783,Reverse,Nitric oxide + H2O + Ferricytochrome c <=> Nitrite + Ferrocytochrome c + H+,
Nitrate reduction by electron carriers,R00294,Forward,2 Nitric oxide + 2 Ferrocytochrome c + 2 H+ <=> Nitrous oxide + 2 Ferricytochrome c + H2O,
Nitrate reduction by electron carriers,R02804,Reverse,Nitrogen + 2 Ferricytochrome c + H2O <=> Nitrous oxide + 2 Ferrocytochrome c + 2 H+,
Fumarate reduction by electron carriers,R13223,Reverse,Ubiquinone + Succinate <=> Ubiquinol + Fumarate,
Fumarate reduction by electron carriers,R02164,Reverse,Quinone + Succinate <=> Hydroquinone + Fumarate,
Fumarate reduction by electron carriers,R13137,Reverse,Succinate + 2 Ferricytochrome c <=> Fumarate + 2 Ferrocytochrome c,
Sulfate reduction by electron carriers,R00529,Forward,ATP + Sulfate <=> Diphosphate + Adenylyl sulfate,
Sulfate reduction by electron carriers,R08553,Reverse,AMP + Sulfite + FAD <=> Adenylyl sulfate + FADH2,
Sulfate reduction by electron carriers,R1.8.99.2.A,Reverse,Sulfite + NAD+ + AMP <=> Adenylyl sulfate + NADH + H+,
Sulfate reduction by electron carriers,R1.8.99.2.B,Reverse,Sulfite + 2 Oxidized ferredoxin + AMP <=> Adenylyl sulfate + 2 Reduced ferredoxin + 2 H+,
Sulfate reduction by electron carriers,R00861,Reverse,Protein-trisulfide + NAD+ + 3 H2O <=> Protein dithiol + Sulfite + NADH + H+,
Sulfate reduction by electron carriers,R1.8.5.10.A,Reverse,Hydrogen sulfide + Protein dithiol + 2 NAD+ <=> Protein-trisulfide + 2 NADH + 2 H+,
Sulfate reduction by electron carriers,R1.8.5.10.B,Reverse,Hydrogen sulfide + Protein dithiol + 4 Oxidized ferredoxin <=> Protein-trisulfide + 4 Reduced ferredoxin + 4 H+,
Sulfur reduction by electron carriers,R10438,Reverse,Hydrogen sulfide + NADP+ <=> Sulfur + NADPH + H+,
Sulfur reduction by electron carriers,R03533,Forward,Sulfur + Reduced acceptor <=> Hydrogen sulfide + Acceptor,
ATP formation,R7.1.2.2,Reverse,ATP + H2O + 4 H+[side 1] <=> ADP + Orthophosphate + 4 H+[side 2],
ATP formation,R7.2.2.1,Reverse,ATP + H2O + Na+[side 1] <=> ADP + Orthophosphate + Na+[side 2],
ATP formation,R7.2.3.1,Bidirectional,Diphosphate + H2O + Na+[side 1] <=> 2 Orthophosphate + Na+[side 2],
Lactate oxidation,R00703,Forward,(S)-Lactate + NAD+ <=> Pyruvate + NADH + H+,
Lactate oxidation,R00704,Forward,(R)-Lactate + NAD+ <=> Pyruvate + NADH + H+,
Lactate oxidation,R01450,Bidirectional,(S)-Lactate <=> (R)-Lactate,
Lactate oxidation,R13050,Forward,(S)-Lactate + 2 NAD+ + 2 Reduced ferredoxin <=> Pyruvate + 2 NADH + 2 Oxidized ferredoxin,
Lactate formation,R01735,Bidirectional,(R)-Lactaldehyde + NAD+ + H2O <=> (R)-Lactate + NADH + H+,
Lactate formation,R09796,Bidirectional,(R)-Lactate <=> Methylglyoxal + H2O,
Lactate formation,R01446,Bidirectional,(S)-Lactaldehyde + NAD+ + H2O <=> (S)-Lactate + NADH + H+,
Lactate formation,R00703,Bidirectional,(S)-Lactate + NAD+ <=> Pyruvate + NADH + H+,
Lactate formation,R00704,Bidirectional,(R)-Lactate + NAD+ <=> Pyruvate + NADH + H+,
Lactate formation,R01450,Bidirectional,(S)-Lactate <=> (R)-Lactate,
Acetate formation,R00230,Bidirectional,Acetyl-CoA + Orthophosphate <=> CoA + Acetyl phosphate,
Acetate formation,R00315,Bidirectional,ATP + Acetate <=> ADP + Acetyl phosphate,
Acetate formation,R10343,Bidirectional,Succinyl-CoA + Acetate <=> Acetyl-CoA + Succinate,
Acetate formation,R00432,Bidirectional,GTP + Succinate + CoA <=> GDP + Orthophosphate + Succinyl-CoA,
Acetate formation,R00405,Bidirectional,ATP + Succinate + CoA <=> ADP + Orthophosphate + Succinyl-CoA,
Acetate formation,R00229,Bidirectional,ATP + Acetate + CoA <=> ADP + Acetyl-CoA + Orthophosphate,
Acetate formation,R00235,Bidirectional,ATP + Acetate + CoA <=> AMP + Diphosphate + Acetyl-CoA,
Acetate formation,R01179,Bidirectional,Butanoyl-CoA + Acetate <=> Butanoic acid + Acetyl-CoA,
Acetate formation,R01174,Bidirectional,Butanoyl-CoA + Orthophosphate <=> CoA + Butanoylphosphate,
Acetate formation,R01688,Bidirectional,ATP + Butanoic acid <=> ADP + Butanoylphosphate,
Ethanol formation,R00755,Reverse,Acetaldehyde + Thiamin diphosphate <=> 2-(alpha-Hydroxyethyl)thiamine diphosphate,
Ethanol formation,R00754,Bidirectional,Ethanol + NAD+ <=> Acetaldehyde + NADH + H+,
Ethanol formation,R00228,Bidirectional,Acetaldehyde + CoA + NAD+ <=> Acetyl-CoA + NADH + H+,
Propionate formation,R00928,Bidirectional,Lactoyl-CoA + Propanoate <=> (S)-Lactate + Propanoyl-CoA,
Propionate formation,R02963,Bidirectional,Lactoyl-CoA <=> Propenoyl-CoA + H2O,
Propionate formation,R10161,Bidirectional,Propanoyl-CoA + NAD+ <=> Propenoyl-CoA + NADH + H+,
Propionate formation,R00930,Bidirectional,(S)-Methylmalonyl-CoA + Pyruvate <=> Propanoyl-CoA + Oxaloacetate,
Propionate formation,R01082,Bidirectional,(S)-Malate <=> Fumarate + H2O,
Propionate formation,R11773,Bidirectional,Propanoyl-CoA + Succinate <=> Succinyl-CoA + Propanoate,
Propionate formation,R00833,Bidirectional,(R)-Methylmalonyl-CoA <=> Succinyl-CoA,
Propionate formation,R02765,Bidirectional,(R)-Methylmalonyl-CoA <=> (S)-Methylmalonyl-CoA,
Propionate formation,R00923,Bidirectional,(S)-Methylmalonyl-CoA <=> Propanoyl-CoA + CO2,
Propionate formation,R7.2.4.3,Bidirectional,(S)-Methylmalonyl-CoA + Na+[side 1] + H+[side 2] <=> Propanoyl-CoA + CO2 + Na+[side 2],
Propionate formation,R00921,Bidirectional,Propanoyl-CoA + Orthophosphate <=> Propanoyl phosphate + CoA,
Propionate formation,R01353,Bidirectional,ATP + Propanoate <=> ADP + Propanoyl phosphate,
Propionate formation,R00920,Bidirectional,ATP + Propanoate + CoA <=> ADP + Orthophosphate + Propanoyl-CoA,
Butyrate formation,R00238,Bidirectional,2 Acetyl-CoA <=> CoA + Acetoacetyl-CoA,
Butyrate formation,R01976,Bidirectional,(S)-3-Hydroxybutanoyl-CoA + NADP+ <=> Acetoacetyl-CoA + NADPH + H+,
Butyrate formation,R03026,Bidirectional,(S)-3-Hydroxybutanoyl-CoA <=> Crotonoyl-CoA + H2O,
Butyrate formation,R01175,Bidirectional,Butanoyl-CoA + FAD <=> FADH2 + Crotonoyl-CoA,
Hydrogen formation,R00019,Forward,2 Reduced ferredoxin + 2 H+ <=> Hydrogen + 2 Oxidized ferredoxin,
Hydrogen formation,R09508,Reverse,2 Hydrogen + NAD+ + 2 Oxidized ferredoxin <=> 5 H+ + NADH + 2 Reduced ferredoxin,
Hydrogen formation,R7.2.1.A,Forward,2 Reduced ferredoxin + 2 H+ <=> Hydrogen + 2 Oxidized ferredoxin,
Hydrogen formation,R7.2.1.B,Forward,2 Reduced ferredoxin + 2 H+ + Na+[side 1] <=> Hydrogen + 2 Oxidized ferredoxin + Na+[side 2],
Hydrogen formation,R00700,Reverse,Hydrogen + NAD+ <=> NADH + H+,
Hydrogen formation,R07181,Reverse,Hydrogen + NADP+ <=> NADPH + H+,
Hydrogen formation,R12754,Forward,Formate + 2 H+ <=> CO2 + Hydrogen,
Hydrogen formation,R09481,Forward,Formate + 2 H+ <=> CO2 + Hydrogen,
Methanogenesis  with CO2,R03015,Bidirectional,Formylmethanofuran + 2 Oxidized ferredoxin + H2O <=> Methanofuran + 2 Reduced ferredoxin + CO2 + 2 H+,
Methanogenesis  with CO2,R11743,Bidirectional,Formylmethanofuran + 2 Oxidized ferredoxin + H2O <=> Methanofuran + 2 Reduced ferredoxin + CO2 + 2 H+,
Methanogenesis  with CO2,R03390,Bidirectional,"Formylmethanofuran + 5,6,7,8-Tetrahydromethanopterin <=> Methanofuran + 5-Formyl-5,6,7,8-tetrahydromethanopterin",
Methanogenesis  with CO2,R03464,Bidirectional,"5,10-Methenyltetrahydromethanopterin + H2O <=> 5-Formyl-5,6,7,8-tetrahydromethanopterin + H+",
Methanogenesis  with CO2,R04456,Bidirectional,"5,10-Methylenetetrahydromethanopterin + Coenzyme F420 + H+ <=> 5,10-Methenyltetrahydromethanopterin + Reduced coenzyme F420",
Methanogenesis  with CO2,R04455,Bidirectional,"5,10-Methenyltetrahydromethanopterin + Hydrogen <=> 5,10-Methylenetetrahydromethanopterin + H+",
Methanogenesis  with CO2,R04464,Bidirectional,"5,10-Methylenetetrahydromethanopterin + Reduced coenzyme F420 <=> 5-Methyl-5,6,7,8-tetrahydromethanopterin + Coenzyme F420",
Methanogenesis  with CO2,R01220,Bidirectional,"5,10-Methylenetetrahydrofolate + NADP+ <=> 5,10-Methenyltetrahydrofolate + NADPH",
Methanogenesis  with CO2,R03025,Bidirectional,Coenzyme F420 + Hydrogen <=> Reduced coenzyme F420,
Methanogenesis  with CO2,R04347,Bidirectional,"5-Methyl-5,6,7,8-tetrahydromethanopterin + Coenzyme M + 2 Na+[side 1] <=> 5,6,7,8-Tetrahydromethanopterin + 2-(Methylthio)ethanesulfonate + 2 Na+[side 2]",
Methanogenesis  with CO2,R04541,Bidirectional,Coenzyme B + 2-(Methylthio)ethanesulfonate <=> Coenzyme M 7-mercaptoheptanoylthreonine-phosphate heterodisulfide + Methane,
Methanogenesis  with CO2,R11931,Bidirectional,Coenzyme B + Coenzyme M + 2 Oxidized ferredoxin <=> Coenzyme M 7-mercaptoheptanoylthreonine-phosphate heterodisulfide + 2 Reduced ferredoxin + 2 H+,
Methanogenesis  with CO2,R04540,Bidirectional,Coenzyme M 7-mercaptoheptanoylthreonine-phosphate heterodisulfide + Dihydromethanophenazine <=> Coenzyme B + Coenzyme M + Methanophenazine,
Methanogenesis  with CO2,R11928,Bidirectional,Coenzyme B + Coenzyme M + 2 Coenzyme F420 + 2 Reduced ferredoxin + 2 H+ <=> Coenzyme M 7-mercaptoheptanoylthreonine-phosphate heterodisulfide + 2 Reduced coenzyme F420 + 2 Oxidized ferredoxin,
Methanogenesis  with CO2,R11943,Bidirectional,Coenzyme B + Coenzyme M + 2 Reduced ferredoxin + 2 H+ <=> Coenzyme M 7-mercaptoheptanoylthreonine-phosphate heterodisulfide + 2 Oxidized ferredoxin + 2 Hydrogen,
Methanogenesis  with formate,R11944,Bidirectional,Coenzyme B + Coenzyme M + 2 Reduced ferredoxin + 2 CO2 + 2 H+ <=> Coenzyme M 7-mercaptoheptanoylthreonine-phosphate heterodisulfide + 2 Oxidized ferredoxin + 2 Formate,
Methanogenesis with methanol,R09098,Bidirectional,Methanol + Coenzyme M <=> 2-(Methylthio)ethanesulfonate + H2O,
Methanogenesis with acetate,R00315,Bidirectional,ATP + Acetate <=> ADP + Acetyl phosphate,
Methanogenesis with acetate,R00230,Bidirectional,Acetyl-CoA + Orthophosphate <=> CoA + Acetyl phosphate,
Methanogenesis with acetate,R00235,Bidirectional,ATP + Acetate + CoA <=> AMP + Diphosphate + Acetyl-CoA,
Methanogenesis with acetate,R09096,Bidirectional,"Acetyl-CoA + 5,6,7,8-Tetrahydromethanopterin <=> CoA + 5-Methyl-5,6,7,8-tetrahydromethanopterin + CO",
Methanogenesis with acetate,R07157,Bidirectional,CO + H2O + 2 Oxidized ferredoxin <=> CO2 + 2 Reduced ferredoxin + 2 H+,
Methanogenesis with methyamines,R09998,Bidirectional,Methylamine + Coenzyme M <=> Ammonia + 2-(Methylthio)ethanesulfonate,
Methanogenesis with methyamines,R09999,Bidirectional,Dimethylamine + Coenzyme M <=> 2-(Methylthio)ethanesulfonate + Methylamine,
Methanogenesis with methyamines,R09124,Bidirectional,Trimethylamine + Coenzyme M <=> 2-(Methylthio)ethanesulfonate + Dimethylamine,
Nitrogen fixation,R05185,Forward,16 ATP + Nitrogen + 8 Reduced ferredoxin + 8 H+ + 16 H2O <=> 16 Orthophosphate + 16 ADP + 8 Oxidized ferredoxin + 2 Ammonia + Hydrogen,
Nitrogen fixation,R12084,Forward,12 Reduced ferredoxin + 12 H+ + Nitrogen + 40 ATP + 40 H2O <=> 12 Oxidized ferredoxin + 3 Hydrogen + 2 Ammonia + 40 ADP + 40 Orthophosphate,
Wood Ljungdahl,R00134,Bidirectional,Formate + NADP+ <=> CO2 + NADPH + H+,
Wood Ljungdahl,R12754,Bidirectional,Formate + 2 H+ <=> CO2 + Hydrogen,
Wood Ljungdahl,R09481,Bidirectional,Formate + 2 H+ <=> CO2 + Hydrogen,
Wood Ljungdahl,R00519,Bidirectional,Formate + NAD+ <=> H+ + CO2 + NADH,
Wood Ljungdahl,R11818,Bidirectional,2 Formate + NAD+ + 2 Oxidized ferredoxin <=> 2 CO2 + NADH + H+ + 2 Reduced ferredoxin,
Wood Ljungdahl,R00943,Bidirectional,Tetrahydrofolate + Formate + ATP <=> ADP + Orthophosphate + 10-Formyltetrahydrofolate,
Wood Ljungdahl,R01655,Bidirectional,"5,10-Methenyltetrahydrofolate + H2O <=> 10-Formyltetrahydrofolate + H+",
Wood Ljungdahl,R01220,Bidirectional,"5,10-Methylenetetrahydrofolate + NADP+ <=> 5,10-Methenyltetrahydrofolate + NADPH",
Wood Ljungdahl,R07168,Bidirectional,"5-Methyltetrahydrofolate + NAD+ <=> 5,10-Methylenetetrahydrofolate + NADH + H+",
Wood Ljungdahl,R02289,Bidirectional,5-Methyltetrahydrofolate + Co(I) corrinoid protein + H+ <=> Methyl-Co(III) corrinoid protein + Tetrahydrofolate,
Wood Ljungdahl,R08433,Bidirectional,Acetyl-CoA + Co(I) corrinoid protein + H+ <=> CO + Methyl-Co(III) corrinoid protein + CoA,
Wood Ljungdahl,R07157,Bidirectional,CO + H2O + 2 Oxidized ferredoxin <=> CO2 + 2 Reduced ferredoxin + 2 H+,
Wood Ljungdahl,R10243,Bidirectional,Tetrahydrofolate + Acetyl-CoA <=> 5-Methyltetrahydrofolate + CoA + CO,
Hydrogen oxidation,R00019,Reverse,2 Reduced ferredoxin + 2 H+ <=> Hydrogen + 2 Oxidized ferredoxin,
Hydrogen oxidation,R09508,Forward,2 Hydrogen + NAD+ + 2 Oxidized ferredoxin <=> 5 H+ + NADH + 2 Reduced ferredoxin,
Hydrogen oxidation,R7.2.1.A,Reverse,2 Reduced ferredoxin + 2 H+ <=> Hydrogen + 2 Oxidized ferredoxin,
Hydrogen oxidation,R7.2.1.B,Reverse,2 Reduced ferredoxin + 2 H+ + Na+[side 1] <=> Hydrogen + 2 Oxidized ferredoxin + Na+[side 2],
Hydrogen oxidation,R00700,Forward,Hydrogen + NAD+ <=> NADH + H+,
Hydrogen oxidation,R07181,Forward,Hydrogen + NADP+ <=> NADPH + H+,
Hydrogen oxidation,R12754,Forward,Formate + 2 H+ <=> CO2 + Hydrogen,
Hydrogen oxidation,R09481,Reverse,Formate + 2 H+ <=> CO2 + Hydrogen,
Hydrogen oxidation,R1.12.99.6.A,Forward,Ubiquinone + Hydrogen <=> Ubiquinol,
Hydrogen oxidation,R1.12.99.6.B,Forward,Quinone + Hydrogen <=> Hydroquinone,
Hydrogen oxidation,R04015,Forward,2 Ferricytochrome c + Hydrogen <=> 2 Ferrocytochrome c + 2 H+,
Ethanol oxidation,R00754,Forward,Ethanol + NAD+ <=> Acetaldehyde + NADH + H+,
Ethanol oxidation,R00228,Forward,Acetaldehyde + CoA + NAD+ <=> Acetyl-CoA + NADH + H+,
Ethanol oxidation,R00755,Forward,Acetaldehyde + Thiamin diphosphate <=> 2-(alpha-Hydroxyethyl)thiamine diphosphate,
Pyruvate synthesis,R01699,Reverse,Pyruvate + Enzyme N6-(lipoyl)lysine <=> [Dihydrolipoyllysine-residue acetyltransferase] S-acetyldihydrolipoyllysine + CO2,
Pyruvate synthesis,R00014,Reverse,Pyruvate + Thiamin diphosphate <=> 2-(alpha-Hydroxyethyl)thiamine diphosphate + CO2,
Pyruvate synthesis,R03270,Reverse,2-(alpha-Hydroxyethyl)thiamine diphosphate + Enzyme N6-(lipoyl)lysine <=> [Dihydrolipoyllysine-residue acetyltransferase] S-acetyldihydrolipoyllysine + Thiamin diphosphate,
Pyruvate synthesis,R02569,Forward,Acetyl-CoA + Enzyme N6-(dihydrolipoyl)lysine <=> CoA + [Dihydrolipoyllysine-residue acetyltransferase] S-acetyldihydrolipoyllysine,
Pyruvate synthesis,R07618,Bidirectional,Enzyme N6-(dihydrolipoyl)lysine + NAD+ <=> Enzyme N6-(lipoyl)lysine + NADH + H+,
Pyruvate synthesis,R00212,Forward,Acetyl-CoA + Formate <=> CoA + Pyruvate,
Pyruvate synthesis,R01196,Forward,2 Reduced ferredoxin + Acetyl-CoA + CO2 + 2 H+ <=> 2 Oxidized ferredoxin + Pyruvate + CoA,
Ammonia oxidation,R00148,Forward,Ammonia + Oxygen + Ubiquinol <=> Hydroxylamine + H2O + Ubiquinone,
Ammonia oxidation,R10164,Forward,Hydroxylamine + H2O + 4 Ferricytochrome c <=> Nitrite + 4 Ferrocytochrome c + 5 H+,
Nitrite oxidation,R03071,Reverse,2 Ferrocytochrome + Nitrate <=> 2 Ferricytochrome + Nitrite + H2O,
Nitrite oxidation,R09497,Reverse,Nitrate + Hydroquinone <=> Nitrite + Quinone + H2O,
Sulfur oxidation,R1.8.2.A,Forward,[SoxY protein]-S-sulfanyl-L-cysteine + Hydrogen sulfide + 2 Ferricytochrome c <=> [SoxY protein]-S-disulfanyl-L-cysteine + 2 Ferrocytochrome c + 2 H+,
Sulfur oxidation,R2.8.5.A,Forward,[SoxY protein]-S-sulfanyl-L-cysteine + Sulfur <=> [SoxY protein]-S-disulfanyl-L-cysteine,
Sulfur oxidation,R12164,Forward,[SoxY protein]-S-sulfanyl-L-cysteine + Thiosulfate + 2 Ferricytochrome c <=> [SoxY protein]-S-(2-sulfodisulfanyl)-L-cysteine + 2 Ferrocytochrome c + 2 H+,
Sulfur oxidation,R12097,Forward,[SoxY protein]-S-(2-sulfodisulfanyl)-L-cysteine + H2O <=> [SoxY protein]-S-disulfanyl-L-cysteine + Sulfate,
Sulfur oxidation,R11971,Forward,[SoxY protein]-S-disulfanyl-L-cysteine + 6 Ferricytochrome c + 3 H2O <=> [SoxY protein]-S-sulfosulfanyl-L-cysteine + 6 Ferrocytochrome c + 6 H+,
Sulfur oxidation,R12096,Forward,[SoxY protein]-S-sulfosulfanyl-L-cysteine + H2O <=> [SoxY protein]-S-sulfanyl-L-cysteine + Sulfate,
Sulfate reduction by electron carriers,R1.8.5.10.A,Forward,Hydrogen sulfide + Protein dithiol + 2 NAD+ <=> Protein-trisulfide + 2 NADH + 2 H+,
Sulfate reduction by electron carriers,R1.8.5.10.B,Forward,Hydrogen sulfide + Protein dithiol + 4 Oxidized ferredoxin <=> Protein-trisulfide + 4 Reduced ferredoxin + 4 H+,
Sulfate reduction by electron carriers,R00861,Forward,Protein-trisulfide + NAD+ + 3 H2O <=> Protein dithiol + Sulfite + NADH + H+,
Sulfur oxidation,R08553,Forward,AMP + Sulfite + FAD <=> Adenylyl sulfate + FADH2,
Sulfur oxidation,R1.8.99.2.A,Forward,Sulfite + NAD+ + AMP <=> Adenylyl sulfate + NADH + H+,
Sulfur oxidation,R1.8.99.2.B,Forward,Sulfite + 2 Oxidized ferredoxin + AMP <=> Adenylyl sulfate + 2 Reduced ferredoxin + 2 H+,
Sulfur oxidation,R00529,Reverse,ATP + Sulfate <=> Diphosphate + Adenylyl sulfate,
Sulfur oxidation,R10152,Forward,n Hydrogen sulfide + n Quinone <=> Polysulfide + n Hydroquinone,
Sulfur oxidation,R.S1,Bidirectional,Polysulfide + Glutathione <=> S-Sulfanylglutathione,
Sulfur oxidation,R08678,Bidirectional,S-Sulfanylglutathione + Oxygen + H2O <=> Glutathione + Sulfite,
Sulfur oxidation,R09499,Forward,Hydrogen sulfide + 2 Ferricytochrome c <=> Sulfur + 2 Ferrocytochrome c + 2 H+,
Sulfur oxidation,R00528,Forward,Sulfite + H2O + 2 Ferricytochrome c <=> Sulfate + 2 Ferrocytochrome c + 2 H+,
Sulfur oxidation,R1.8.5.2.A,Bidirectional,2 Thiosulfate + Quinone <=> Tetrathionate + Hydroquinone,
Sulfur oxidation,R13400,Bidirectional,Tetrathionate + H2O <=> Thiosulfate + Sulfur + Sulfate + H+,
Methane oxidation,R01142,Bidirectional,Methane + Oxygen + NADH + H+ <=> Methanol + NAD+ + H2O,
Methane oxidation,R09518,Bidirectional,Methane + Oxygen + NADH + H+ <=> Methanol + NAD+ + H2O,
Formaldehyde oxidation,R00604,Forward,Formaldehyde + NAD+ + H2O <=> Formate + NADH + H+,
Formaldehyde oxidation,R00614,Forward,2 Formaldehyde + H2O <=> Formate + Methanol,
Formaldehyde oxidation,R01146,Forward,Methanol + 2 Ferricytochrome c <=> Formaldehyde + 2 Ferrocytochrome c + 2 H+,
Formaldehyde oxidation,R06982,Forward,Glutathione + Formaldehyde <=> S-(Hydroxymethyl)glutathione,
Formaldehyde oxidation,R00527,Bidirectional,S-Formylglutathione + H2O <=> Formate + Glutathione,
Formaldehyde oxidation,R06983,Bidirectional,S-(Hydroxymethyl)glutathione + NAD+ <=> S-Formylglutathione + NADH + H+,
Formaldehyde oxidation,R08058,Forward,"5,6,7,8-Tetrahydromethanopterin + Formaldehyde <=> 5,10-Methylenetetrahydromethanopterin + H2O",
Formaldehyde oxidation,R08059,Bidirectional,"5,10-Methylenetetrahydromethanopterin + NADP+ <=> 5,10-Methenyltetrahydromethanopterin + NADPH",
Formaldehyde oxidation,R03464,Bidirectional,"5,10-Methenyltetrahydromethanopterin + H2O <=> 5-Formyl-5,6,7,8-tetrahydromethanopterin + H+",
Formaldehyde oxidation,R03390,Bidirectional,"Formylmethanofuran + 5,6,7,8-Tetrahydromethanopterin <=> Methanofuran + 5-Formyl-5,6,7,8-tetrahydromethanopterin",
Formaldehyde oxidation,R08060,Bidirectional,Formylmethanofuran + H2O <=> Formate + Methanofuran,
Formaldehyde oxidation,R09093,Forward,"Tetrahydrofolate + Formaldehyde <=> 5,10-Methylenetetrahydrofolate + H2O",
Formaldehyde oxidation,R01218,Bidirectional,"5,10-Methylenetetrahydrofolate + NAD+ <=> 5,10-Methenyltetrahydrofolate + NADH",
Formaldehyde oxidation,R01220,Bidirectional,"5,10-Methylenetetrahydrofolate + NADP+ <=> 5,10-Methenyltetrahydrofolate + NADPH",
Formaldehyde oxidation,R01655,Bidirectional,"5,10-Methenyltetrahydrofolate + H2O <=> 10-Formyltetrahydrofolate + H+",
Formaldehyde oxidation,R00944,Bidirectional,10-Formyltetrahydrofolate + H2O <=> Formate + Tetrahydrofolate,
Formaldehyde oxidation,R00941,Bidirectional,10-Formyltetrahydrofolate + NADP+ + H2O <=> Tetrahydrofolate + CO2 + NADPH + H+,
Formate oxidation,R00134,Forward,Formate + NADP+ <=> CO2 + NADPH + H+,
Formate oxidation,R12754,Forward,Formate + 2 H+ <=> CO2 + Hydrogen,
Formate oxidation,R09481,Forward,Formate + 2 H+ <=> CO2 + Hydrogen,
Formate oxidation,R00519,Forward,Formate + NAD+ <=> H+ + CO2 + NADH,
Formate oxidation,R11818,Forward,2 Formate + NAD+ + 2 Oxidized ferredoxin <=> 2 CO2 + NADH + H+ + 2 Reduced ferredoxin,
Cellulose hydrolysis,R06200,Forward,"1,4-beta-D-Glucan(n+2) + H2O <=> 1,4-beta-D-Glucan(n) + Cellobiose",
Cellulose hydrolysis,R11307,Forward,Cellulose + H2O <=> Cellulose + Cellodextrin,
Cellulose hydrolysis,R02886,Forward,Cellulose + H2O <=> Cellulose + Cellobiose,
Cellulose hydrolysis,R11308,Forward,Cellodextrin <=> Cellobiose,
Cellulose hydrolysis,R02887,Forward,Cellodextrin + (n-2) H2O <=> (n-2) D-Glucose + Cellobiose,
Cellulose hydrolysis,R06077,Forward,"1,4-beta-D-Glucan(n+1) + H2O <=> 1,4-beta-D-Glucan(n) + beta-D-Glucose",
Cellulose hydrolysis,R00952,Forward,Cellobiose + Orthophosphate <=> D-Glucose 1-phosphate + D-Glucose,
Cellulose hydrolysis,R00306,Forward,Cellobiose + H2O <=> 2 D-Glucose,
Fructose utilization,R00760,Forward,ATP + D-Fructose <=> ADP + D-Fructose 6-phosphate,
Fructose utilization,R00866,Forward,ATP + D-Fructose <=> ADP + D-Fructose 1-phosphate,
Fructose utilization,R03232,Forward,Protein N(pi)-phospho-L-histidine + D-Fructose <=> Protein histidine + D-Fructose 1-phosphate,
Fructose utilization,R13203,Bidirectional,"ATP + D-Fructose 1-phosphate <=> ADP + D-Fructose 1,6-bisphosphate",
Fructose utilization,R02568,Bidirectional,D-Fructose 1-phosphate <=> Glycerone phosphate + D-Glyceraldehyde,
Fructose utilization,R01059,Bidirectional,ATP + D-Glyceraldehyde <=> ADP + D-Glyceraldehyde 3-phosphate,
Mannose utilization,R01326,Forward,ATP + D-Mannose <=> ADP + D-Mannose 6-phosphate,
Mannose utilization,R02630,Forward,Protein N(pi)-phospho-L-histidine + D-Mannose <=> Protein histidine + D-Mannose 6-phosphate,
Mannose utilization,R00772,Bidirectional,D-Mannose 6-phosphate <=> D-Fructose 6-phosphate,
Galactose utilization,R10619,Forward,D-Galactose <=> alpha-D-Galactose,
Galactose utilization,R01092,Bidirectional,ATP + alpha-D-Galactose <=> ADP + alpha-D-Galactose 1-phosphate,
Galactose utilization,R00955,Bidirectional,UDP-glucose + alpha-D-Galactose 1-phosphate <=> D-Glucose 1-phosphate + UDP-alpha-D-galactose,
Galactose utilization,R00291,Bidirectional,UDP-glucose <=> UDP-alpha-D-galactose,
Galactose utilization,R00959,Bidirectional,D-Glucose 1-phosphate <=> alpha-D-Glucose 6-phosphate,
Galactose utilization,R01097,Forward,"D-Galactose + NADP+ <=> D-Galactono-1,4-lactone + NADPH + H+",
Galactose utilization,R01097,Forward,"D-Galactose + NADP+ <=> D-Galactono-1,4-lactone + NADPH + H+",
Galactose utilization,R03034,Bidirectional,"D-Galactono-1,4-lactone + H2O <=> D-Galactonate",
Galactose utilization,R03033,Bidirectional,D-Galactonate <=> 2-Dehydro-3-deoxy-D-galactonate + H2O,
Galactose utilization,R10616,Bidirectional,2-Dehydro-3-deoxy-D-galactonate <=> Pyruvate + D-Glyceraldehyde,
Galactose utilization,R03387,Bidirectional,ATP + 2-Dehydro-3-deoxy-D-galactonate <=> ADP + 2-Dehydro-3-deoxy-6-phospho-D-galactonate,
Galactose utilization,R01064,Bidirectional,2-Dehydro-3-deoxy-6-phospho-D-galactonate <=> Pyruvate + D-Glyceraldehyde 3-phosphate,
Ribose utilization,R01051,Forward,ATP + D-Ribose <=> ADP + D-Ribose 5-phosphate,
Arabinose utilization,R01577,Forward,D-Arabinose <=> D-Ribulose,
Arabinose utilization,R01526,Bidirectional,ATP + D-Ribulose <=> ADP + D-Ribulose 5-phosphate,
Arabinose utilization,R07134,Bidirectional,D-Arabitol + NAD+ <=> D-Ribulose + NADH + H+,
Arabinose utilization,R07144,Bidirectional,D-Arabitol + NADP+ <=> D-Ribulose + NADPH + H+,
Arabinose utilization,R05604,Bidirectional,D-Arabitol + NAD+ <=> D-Xylulose + NADH + H+,
Arabinose utilization,R07143,Bidirectional,D-Arabitol + NADP+ <=> D-Xylulose + NADPH + H+,
Arabinose utilization,R01574,Forward,"D-Arabinose + NAD+ <=> D-Arabinono-1,4-lactone + NADH + H+",
Arabinose utilization,R01575,Forward,"D-Arabinose + NADP+ <=> D-Arabinono-1,4-lactone + NADPH + H+",
Arabinose utilization,R02714,Bidirectional,"D-Arabinono-1,4-lactone + H2O <=> D-Arabinonate",
Arabinose utilization,R03032,Bidirectional,D-Arabinonate <=> 2-Dehydro-3-deoxy-D-xylonate + H2O,
Arabinose utilization,R09186,Bidirectional,"2-Dehydro-3-deoxy-D-xylonate <=> 2,5-Dioxopentanoate + H2O",
Arabinose utilization,R00264,Bidirectional,"2,5-Dioxopentanoate + NADP+ + H2O <=> 2-Oxoglutarate + NADPH + H+",
Arabinose utilization,R02279,Bidirectional,"5-Dehydro-4-deoxy-D-glucarate <=> 2,5-Dioxopentanoate + H2O + CO2",
Arabinose utilization,R02754,Bidirectional,5-Dehydro-4-deoxy-D-glucarate <=> Pyruvate + 2-Hydroxy-3-oxopropanoate,
Arabinose utilization,R01394,Bidirectional,Hydroxypyruvate <=> 2-Hydroxy-3-oxopropanoate,
Arabinose utilization,R01393,Bidirectional,Hydroxypyruvate <=> Glycolaldehyde + CO2,
Arabinose utilization,R01333,Bidirectional,Glycolaldehyde + NAD+ + H2O <=> Glycolate + NADH + H+,
Arabinose utilization,R1.1.99.14.A,Bidirectional,Glycolate + Quinone <=> Glyoxylate + Hydroquinone,
Arabinose utilization,R00472,Bidirectional,(S)-Malate + CoA <=> Acetyl-CoA + H2O + Glyoxylate,
Arabinose utilization,R01761,Forward,L-Arabinose <=> L-Ribulose,
Arabinose utilization,R02439,Bidirectional,ATP + L-Ribulose <=> ADP + L-Ribulose 5-phosphate,
Arabinose utilization,R05850,Bidirectional,L-Ribulose 5-phosphate <=> D-Xylulose 5-phosphate,
Arabinose utilization,R01759,Forward,L-Arabitol + NADP+ <=> L-Arabinose + NADPH + H+,
Arabinose utilization,R01903,Bidirectional,L-Arabitol + NAD+ <=> L-Xylulose + NADH + H+,
Arabinose utilization,R05831,Bidirectional,Xylitol + NAD+ <=> L-Xylulose + NADH + H+,
Arabinose utilization,R01904,Bidirectional,Xylitol + NADP+ <=> L-Xylulose + NADPH + H+,
Xylose utilization,R01432,Forward,D-Xylose <=> D-Xylulose,
Xylose utilization,R09477,Reverse,Xylitol + NAD+ <=> D-Xylose + NADH + H+,
Xylose utilization,R01431,Reverse,Xylitol + NADP+ <=> D-Xylose + NADPH + H+,
Xylose utilization,R01896,Bidirectional,Xylitol + NAD+ <=> D-Xylulose + NADH + H+,
Xylose utilization,R01639,Bidirectional,ATP + D-Xylulose <=> ADP + D-Xylulose 5-phosphate,
Xylose utilization,R12643,Forward,"D-Xylose + NADP+ <=> D-Xylono-1,4-lactone + NADPH + H+",
Xylose utilization,R02428,Bidirectional,"D-Xylono-1,4-lactone + H2O <=> D-Xylonate",
Xylose utilization,R01429,Bidirectional,D-Xylose + NAD+ <=> D-Xylonolactone + NADH + H+,
Xylose utilization,R01430,Bidirectional,D-Xylose + NADP+ <=> D-Xylonolactone + NADPH + H+,
Xylose utilization,R02427,Bidirectional,D-Xylonolactone + H2O <=> D-Xylonate,
Xylose utilization,R02429,Bidirectional,D-Xylonate <=> 2-Dehydro-3-deoxy-D-xylonate + H2O,
Xylose utilization,R09186,Bidirectional,"2-Dehydro-3-deoxy-D-xylonate <=> 2,5-Dioxopentanoate + H2O",
Xylose utilization,R00264,Bidirectional,"2,5-Dioxopentanoate + NADP+ + H2O <=> 2-Oxoglutarate + NADPH + H+",
Xylose utilization,R11768,Bidirectional,"2,5-Dioxopentanoate + NAD+ + H2O <=> 2-Oxoglutarate + NADH + H+",
Xylose utilization,R01782,Bidirectional,2-Dehydro-3-deoxy-D-xylonate <=> Pyruvate + Glycolaldehyde,
Xylose utilization,R01333,Bidirectional,Glycolaldehyde + NAD+ + H2O <=> Glycolate + NADH + H+,
Xylose utilization,R1.1.99.14.A,Bidirectional,Glycolate + Quinone <=> Glyoxylate + Hydroquinone,
Xylose utilization,R00472,Bidirectional,(S)-Malate + CoA <=> Acetyl-CoA + H2O + Glyoxylate,
Anammox,R00783,Revere,Nitric oxide + H2O + Ferricytochrome c <=> Nitrite + Ferrocytochrome c + H+,
Anammox,R09799,Forward,Nitric oxide + Ammonia + 3 Ferrocytochrome c <=> Hydrazine + H2O + 3 Ferricytochrome c,
Anammox,R07174,Forward,Hydrazine + 4 Ferricytochrome c <=> Nitrogen + 4 Ferrocytochrome c,
Redox balance,R00112,Bidirectional,NADPH + NAD+ <=> NADP+ + NADH,
Uncategorized,R10149,Bidirectional,Thiosulfate + Menaquinol <=> Sulfite + Hydrogen sulfide + Menaquinone,
Uncategorized,R10150,Bidirectional,Tetrathionate + 2 e- <=> 2 Thiosulfate,
